{
  "healthcheck" : {
    "transaction" : "healthcheck",
    "sampleCount" : 2000,
    "errorCount" : 0,
    "errorPct" : 0.0,
    "meanResTime" : 488.5254999999997,
    "medianResTime" : 302.0,
    "minResTime" : 279.0,
    "maxResTime" : 21158.0,
    "pct1ResTime" : 892.0,
    "pct2ResTime" : 1100.9499999999962,
    "pct3ResTime" : 2701.99,
    "throughput" : 34.00261820160153,
    "receivedKBytesPerSec" : 25.007398225913395,
    "sentKBytesPerSec" : 4.449561366225199
  },
  "deletebooking" : {
    "transaction" : "deletebooking",
    "sampleCount" : 2000,
    "errorCount" : 0,
    "errorPct" : 0.0,
    "meanResTime" : 489.7414999999999,
    "medianResTime" : 307.0,
    "minResTime" : 280.0,
    "maxResTime" : 19513.0,
    "pct1ResTime" : 906.9000000000001,
    "pct2ResTime" : 1081.0999999999967,
    "pct3ResTime" : 2899.4200000000005,
    "throughput" : 33.98990499821553,
    "receivedKBytesPerSec" : 25.00050453765232,
    "sentKBytesPerSec" : 8.397896449754423
  },
  "createbooking" : {
    "transaction" : "createbooking",
    "sampleCount" : 2000,
    "errorCount" : 0,
    "errorPct" : 0.0,
    "meanResTime" : 613.794499999999,
    "medianResTime" : 307.0,
    "minResTime" : 279.0,
    "maxResTime" : 24493.0,
    "pct1ResTime" : 1041.0,
    "pct2ResTime" : 1382.8999999999996,
    "pct3ResTime" : 7089.200000000002,
    "throughput" : 35.06803198204517,
    "receivedKBytesPerSec" : 32.43971038189087,
    "sentKBytesPerSec" : 15.924448116846683
  },
  "Total" : {
    "transaction" : "Total",
    "sampleCount" : 14000,
    "errorCount" : 0,
    "errorPct" : 0.0,
    "meanResTime" : 2896.448357142834,
    "medianResTime" : 316.0,
    "minResTime" : 279.0,
    "maxResTime" : 56737.0,
    "pct1ResTime" : 9038.599999999999,
    "pct2ResTime" : 16614.649999999994,
    "pct3ResTime" : 29717.809999999998,
    "throughput" : 224.52088846123004,
    "receivedKBytesPerSec" : 1053.2387482709887,
    "sentKBytesPerSec" : 64.33676128618394
  },
  "updatebooking" : {
    "transaction" : "updatebooking",
    "sampleCount" : 2000,
    "errorCount" : 0,
    "errorPct" : 0.0,
    "meanResTime" : 559.1609999999984,
    "medianResTime" : 309.0,
    "minResTime" : 280.0,
    "maxResTime" : 22557.0,
    "pct1ResTime" : 998.9000000000001,
    "pct2ResTime" : 1516.9499999999998,
    "pct3ResTime" : 4125.080000000001,
    "throughput" : 34.73790252544551,
    "receivedKBytesPerSec" : 31.221232674471118,
    "sentKBytesPerSec" : 17.029713933372705
  },
  "getbookingid" : {
    "transaction" : "getbookingid",
    "sampleCount" : 2000,
    "errorCount" : 0,
    "errorPct" : 0.0,
    "meanResTime" : 9202.084999999975,
    "medianResTime" : 6138.0,
    "minResTime" : 577.0,
    "maxResTime" : 56737.0,
    "pct1ResTime" : 21575.7,
    "pct2ResTime" : 27360.6,
    "pct3ResTime" : 33617.33,
    "throughput" : 35.148767156991966,
    "receivedKBytesPerSec" : 980.054018575025,
    "sentKBytesPerSec" : 4.702520605964746
  },
  "CreateToken" : {
    "transaction" : "CreateToken",
    "sampleCount" : 2000,
    "errorCount" : 0,
    "errorPct" : 0.0,
    "meanResTime" : 8401.855999999996,
    "medianResTime" : 5322.0,
    "minResTime" : 1136.0,
    "maxResTime" : 51861.0,
    "pct1ResTime" : 18708.0,
    "pct2ResTime" : 26410.79999999997,
    "pct3ResTime" : 35107.840000000004,
    "throughput" : 36.165057321615855,
    "receivedKBytesPerSec" : 27.443768986655094,
    "sentKBytesPerSec" : 8.82935969766012
  },
  "partialupdate" : {
    "transaction" : "partialupdate",
    "sampleCount" : 2000,
    "errorCount" : 0,
    "errorPct" : 0.0,
    "meanResTime" : 519.9750000000001,
    "medianResTime" : 308.0,
    "minResTime" : 280.0,
    "maxResTime" : 22600.0,
    "pct1ResTime" : 948.0,
    "pct2ResTime" : 1214.3999999999978,
    "pct3ResTime" : 3507.3700000000017,
    "throughput" : 34.41807637371147,
    "receivedKBytesPerSec" : 30.999595049820165,
    "sentKBytesPerSec" : 10.520369047823916
  }
}