{
  "healthcheck" : {
    "transaction" : "healthcheck",
    "sampleCount" : 2500,
    "errorCount" : 0,
    "errorPct" : 0.0,
    "meanResTime" : 553.5751999999995,
    "medianResTime" : 313.0,
    "minResTime" : 278.0,
    "maxResTime" : 20718.0,
    "pct1ResTime" : 1053.7000000000003,
    "pct2ResTime" : 1349.449999999998,
    "pct3ResTime" : 5507.489999999923,
    "throughput" : 73.0545571432746,
    "receivedKBytesPerSec" : 53.743269848923184,
    "sentKBytesPerSec" : 9.5598736886707
  },
  "deletebooking" : {
    "transaction" : "deletebooking",
    "sampleCount" : 2500,
    "errorCount" : 0,
    "errorPct" : 0.0,
    "meanResTime" : 583.3424000000008,
    "medianResTime" : 332.0,
    "minResTime" : 278.0,
    "maxResTime" : 20359.0,
    "pct1ResTime" : 1123.9,
    "pct2ResTime" : 1446.0,
    "pct3ResTime" : 5371.209999999983,
    "throughput" : 72.5605154699019,
    "receivedKBytesPerSec" : 53.36327059267429,
    "sentKBytesPerSec" : 17.901331077305972
  },
  "createbooking" : {
    "transaction" : "createbooking",
    "sampleCount" : 2500,
    "errorCount" : 0,
    "errorPct" : 0.0,
    "meanResTime" : 663.3316000000013,
    "medianResTime" : 344.5,
    "minResTime" : 278.0,
    "maxResTime" : 25810.0,
    "pct1ResTime" : 1278.0,
    "pct2ResTime" : 1490.3999999999978,
    "pct3ResTime" : 6999.389999999965,
    "throughput" : 74.14877209633408,
    "receivedKBytesPerSec" : 68.52224161933503,
    "sentKBytesPerSec" : 33.671073266401706
  },
  "Total" : {
    "transaction" : "Total",
    "sampleCount" : 17500,
    "errorCount" : 0,
    "errorPct" : 0.0,
    "meanResTime" : 1592.8113714285773,
    "medianResTime" : 367.0,
    "minResTime" : 278.0,
    "maxResTime" : 31533.0,
    "pct1ResTime" : 4455.5999999999985,
    "pct2ResTime" : 8461.850000000002,
    "pct3ResTime" : 15466.600000000064,
    "throughput" : 461.26677034186457,
    "receivedKBytesPerSec" : 750.3759890465616,
    "sentKBytesPerSec" : 132.10518138492054
  },
  "updatebooking" : {
    "transaction" : "updatebooking",
    "sampleCount" : 2500,
    "errorCount" : 0,
    "errorPct" : 0.0,
    "meanResTime" : 612.8287999999988,
    "medianResTime" : 343.0,
    "minResTime" : 278.0,
    "maxResTime" : 22203.0,
    "pct1ResTime" : 1242.9,
    "pct2ResTime" : 1459.9499999999998,
    "pct3ResTime" : 4194.009999999891,
    "throughput" : 73.5056305312987,
    "receivedKBytesPerSec" : 66.01242061391902,
    "sentKBytesPerSec" : 36.00842719083531
  },
  "getbookingid" : {
    "transaction" : "getbookingid",
    "sampleCount" : 2500,
    "errorCount" : 0,
    "errorPct" : 0.0,
    "meanResTime" : 2156.9280000000003,
    "medianResTime" : 763.5,
    "minResTime" : 283.0,
    "maxResTime" : 31533.0,
    "pct1ResTime" : 4875.6,
    "pct2ResTime" : 8959.099999999993,
    "pct3ResTime" : 17897.949999999997,
    "throughput" : 75.41933148304574,
    "receivedKBytesPerSec" : 485.4459545070592,
    "sentKBytesPerSec" : 10.090281653493422
  },
  "CreateToken" : {
    "transaction" : "CreateToken",
    "sampleCount" : 2500,
    "errorCount" : 0,
    "errorPct" : 0.0,
    "meanResTime" : 5977.623199999998,
    "medianResTime" : 4775.0,
    "minResTime" : 1156.0,
    "maxResTime" : 26732.0,
    "pct1ResTime" : 12721.7,
    "pct2ResTime" : 14553.149999999998,
    "pct3ResTime" : 23341.329999999878,
    "throughput" : 76.68711656441718,
    "receivedKBytesPerSec" : 58.07311637269938,
    "sentKBytesPerSec" : 18.72244056748466
  },
  "partialupdate" : {
    "transaction" : "partialupdate",
    "sampleCount" : 2500,
    "errorCount" : 0,
    "errorPct" : 0.0,
    "meanResTime" : 602.0504,
    "medianResTime" : 338.0,
    "minResTime" : 278.0,
    "maxResTime" : 23867.0,
    "pct1ResTime" : 1196.8000000000002,
    "pct2ResTime" : 1671.699999999999,
    "pct3ResTime" : 4061.349999999986,
    "throughput" : 72.92243969314237,
    "receivedKBytesPerSec" : 65.64762874456727,
    "sentKBytesPerSec" : 22.2634202356124
  }
}