{
  "healthcheck" : {
    "transaction" : "healthcheck",
    "sampleCount" : 1000,
    "errorCount" : 0,
    "errorPct" : 0.0,
    "meanResTime" : 397.12499999999994,
    "medianResTime" : 300.0,
    "minResTime" : 278.0,
    "maxResTime" : 9091.0,
    "pct1ResTime" : 853.5999999999999,
    "pct2ResTime" : 906.0,
    "pct3ResTime" : 2046.4200000000042,
    "throughput" : 33.596505963379805,
    "receivedKBytesPerSec" : 24.758131404333948,
    "sentKBytesPerSec" : 4.396417772551654
  },
  "deletebooking" : {
    "transaction" : "deletebooking",
    "sampleCount" : 1000,
    "errorCount" : 0,
    "errorPct" : 0.0,
    "meanResTime" : 402.47300000000007,
    "medianResTime" : 304.0,
    "minResTime" : 280.0,
    "maxResTime" : 7961.0,
    "pct1ResTime" : 875.5999999999999,
    "pct2ResTime" : 934.9499999999999,
    "pct3ResTime" : 1668.1800000000007,
    "throughput" : 33.577328587737554,
    "receivedKBytesPerSec" : 24.742162841649318,
    "sentKBytesPerSec" : 8.295961067087502
  },
  "createbooking" : {
    "transaction" : "createbooking",
    "sampleCount" : 1000,
    "errorCount" : 0,
    "errorPct" : 0.0,
    "meanResTime" : 445.70799999999997,
    "medianResTime" : 305.0,
    "minResTime" : 279.0,
    "maxResTime" : 10382.0,
    "pct1ResTime" : 959.9,
    "pct2ResTime" : 1134.9499999999998,
    "pct3ResTime" : 2504.290000000002,
    "throughput" : 33.56267830172848,
    "receivedKBytesPerSec" : 31.10473653297533,
    "sentKBytesPerSec" : 15.240864658499747
  },
  "Total" : {
    "transaction" : "Total",
    "sampleCount" : 7000,
    "errorCount" : 0,
    "errorPct" : 0.0,
    "meanResTime" : 1391.4201428571423,
    "medianResTime" : 311.0,
    "minResTime" : 278.0,
    "maxResTime" : 26629.0,
    "pct1ResTime" : 3910.9000000000005,
    "pct2ResTime" : 5786.849999999999,
    "pct3ResTime" : 12180.849999999997,
    "throughput" : 211.5506663845991,
    "receivedKBytesPerSec" : 1151.4683882861375,
    "sentKBytesPerSec" : 60.620126779292214
  },
  "updatebooking" : {
    "transaction" : "updatebooking",
    "sampleCount" : 1000,
    "errorCount" : 0,
    "errorPct" : 0.0,
    "meanResTime" : 451.77100000000064,
    "medianResTime" : 307.0,
    "minResTime" : 280.0,
    "maxResTime" : 11759.0,
    "pct1ResTime" : 925.9,
    "pct2ResTime" : 1008.8499999999998,
    "pct3ResTime" : 2438.98,
    "throughput" : 33.56493135971537,
    "receivedKBytesPerSec" : 30.21473164837378,
    "sentKBytesPerSec" : 16.454683147047966
  },
  "getbookingid" : {
    "transaction" : "getbookingid",
    "sampleCount" : 1000,
    "errorCount" : 0,
    "errorPct" : 0.0,
    "meanResTime" : 4312.879000000001,
    "medianResTime" : 3244.0,
    "minResTime" : 564.0,
    "maxResTime" : 26629.0,
    "pct1ResTime" : 8754.1,
    "pct2ResTime" : 12164.349999999999,
    "pct3ResTime" : 16799.54,
    "throughput" : 33.249102274238595,
    "receivedKBytesPerSec" : 1101.846805800306,
    "sentKBytesPerSec" : 4.4483662222369995
  },
  "CreateToken" : {
    "transaction" : "CreateToken",
    "sampleCount" : 1000,
    "errorCount" : 0,
    "errorPct" : 0.0,
    "meanResTime" : 3341.8639999999987,
    "medianResTime" : 2344.5,
    "minResTime" : 1119.0,
    "maxResTime" : 25702.0,
    "pct1ResTime" : 6536.9,
    "pct2ResTime" : 9426.85,
    "pct3ResTime" : 15720.620000000004,
    "throughput" : 34.786238564024075,
    "receivedKBytesPerSec" : 26.406016279959648,
    "sentKBytesPerSec" : 8.49273402441994
  },
  "partialupdate" : {
    "transaction" : "partialupdate",
    "sampleCount" : 1000,
    "errorCount" : 0,
    "errorPct" : 0.0,
    "meanResTime" : 388.1210000000003,
    "medianResTime" : 306.0,
    "minResTime" : 279.0,
    "maxResTime" : 2893.0,
    "pct1ResTime" : 894.0,
    "pct2ResTime" : 945.0,
    "pct3ResTime" : 1494.6300000000003,
    "throughput" : 33.56831151393085,
    "receivedKBytesPerSec" : 30.27691234474656,
    "sentKBytesPerSec" : 10.260626468613628
  }
}