{
  "healthcheck" : {
    "transaction" : "healthcheck",
    "sampleCount" : 1500,
    "errorCount" : 0,
    "errorPct" : 0.0,
    "meanResTime" : 425.29266666666666,
    "medianResTime" : 301.0,
    "minResTime" : 278.0,
    "maxResTime" : 20495.0,
    "pct1ResTime" : 828.7000000000003,
    "pct2ResTime" : 898.8500000000001,
    "pct3ResTime" : 1967.3600000000015,
    "throughput" : 26.027658725338796,
    "receivedKBytesPerSec" : 19.171742963856257,
    "sentKBytesPerSec" : 3.405963153511131
  },
  "deletebooking" : {
    "transaction" : "deletebooking",
    "sampleCount" : 1500,
    "errorCount" : 0,
    "errorPct" : 0.0,
    "meanResTime" : 448.7666666666666,
    "medianResTime" : 306.0,
    "minResTime" : 280.0,
    "maxResTime" : 21955.0,
    "pct1ResTime" : 826.2000000000007,
    "pct2ResTime" : 933.8500000000001,
    "pct3ResTime" : 2580.4600000000005,
    "throughput" : 26.005998717037397,
    "receivedKBytesPerSec" : 19.157346044487593,
    "sentKBytesPerSec" : 6.425310229893029
  },
  "createbooking" : {
    "transaction" : "createbooking",
    "sampleCount" : 1500,
    "errorCount" : 0,
    "errorPct" : 0.0,
    "meanResTime" : 489.2073333333331,
    "medianResTime" : 305.0,
    "minResTime" : 278.0,
    "maxResTime" : 23697.0,
    "pct1ResTime" : 894.9000000000001,
    "pct2ResTime" : 1157.9,
    "pct3ResTime" : 3660.570000000006,
    "throughput" : 25.93002350988798,
    "receivedKBytesPerSec" : 24.011336822362054,
    "sentKBytesPerSec" : 11.774864191501868
  },
  "Total" : {
    "transaction" : "Total",
    "sampleCount" : 10500,
    "errorCount" : 0,
    "errorPct" : 0.0,
    "meanResTime" : 3103.4314285714318,
    "medianResTime" : 312.0,
    "minResTime" : 278.0,
    "maxResTime" : 53329.0,
    "pct1ResTime" : 9783.9,
    "pct2ResTime" : 17709.899999999954,
    "pct3ResTime" : 31761.61999999999,
    "throughput" : 170.46284721658523,
    "receivedKBytesPerSec" : 1231.1684213516892,
    "sentKBytesPerSec" : 48.84635716836859
  },
  "updatebooking" : {
    "transaction" : "updatebooking",
    "sampleCount" : 1500,
    "errorCount" : 0,
    "errorPct" : 0.0,
    "meanResTime" : 493.2053333333323,
    "medianResTime" : 308.0,
    "minResTime" : 280.0,
    "maxResTime" : 20226.0,
    "pct1ResTime" : 890.6000000000004,
    "pct2ResTime" : 1150.5500000000004,
    "pct3ResTime" : 3935.080000000001,
    "throughput" : 25.99157872849197,
    "receivedKBytesPerSec" : 23.39086406837518,
    "sentKBytesPerSec" : 12.741965353225556
  },
  "getbookingid" : {
    "transaction" : "getbookingid",
    "sampleCount" : 1500,
    "errorCount" : 0,
    "errorPct" : 0.0,
    "meanResTime" : 12105.804666666669,
    "medianResTime" : 9464.5,
    "minResTime" : 892.0,
    "maxResTime" : 53329.0,
    "pct1ResTime" : 26408.5,
    "pct2ResTime" : 29848.950000000004,
    "pct3ResTime" : 34050.37,
    "throughput" : 25.554098025520023,
    "receivedKBytesPerSec" : 1165.223680876165,
    "sentKBytesPerSec" : 3.4188588178674255
  },
  "CreateToken" : {
    "transaction" : "CreateToken",
    "sampleCount" : 1500,
    "errorCount" : 0,
    "errorPct" : 0.0,
    "meanResTime" : 7291.981999999996,
    "medianResTime" : 4157.0,
    "minResTime" : 1116.0,
    "maxResTime" : 52106.0,
    "pct1ResTime" : 17915.4,
    "pct2ResTime" : 31518.650000000005,
    "pct3ResTime" : 34415.54,
    "throughput" : 27.298040000727948,
    "receivedKBytesPerSec" : 20.698312298676957,
    "sentKBytesPerSec" : 6.664560547052722
  },
  "partialupdate" : {
    "transaction" : "partialupdate",
    "sampleCount" : 1500,
    "errorCount" : 0,
    "errorPct" : 0.0,
    "meanResTime" : 469.7613333333324,
    "medianResTime" : 306.0,
    "minResTime" : 280.0,
    "maxResTime" : 38689.0,
    "pct1ResTime" : 863.9000000000001,
    "pct2ResTime" : 956.4500000000005,
    "pct3ResTime" : 2623.5800000000004,
    "throughput" : 25.99698434981542,
    "receivedKBytesPerSec" : 23.443796144647223,
    "sentKBytesPerSec" : 7.946343849113503
  }
}