{
  "healthcheck" : {
    "transaction" : "healthcheck",
    "sampleCount" : 3000,
    "errorCount" : 0,
    "errorPct" : 0.0,
    "meanResTime" : 288.1093333333324,
    "medianResTime" : 286.0,
    "minResTime" : 275.0,
    "maxResTime" : 841.0,
    "pct1ResTime" : 294.0,
    "pct2ResTime" : 296.0,
    "pct3ResTime" : 302.0,
    "throughput" : 30.1901982489685,
    "receivedKBytesPerSec" : 22.2711284215558,
    "sentKBytesPerSec" : 3.9506704739861123
  },
  "deletebooking" : {
    "transaction" : "deletebooking",
    "sampleCount" : 3000,
    "errorCount" : 0,
    "errorPct" : 0.0,
    "meanResTime" : 291.1349999999998,
    "medianResTime" : 289.0,
    "minResTime" : 276.0,
    "maxResTime" : 856.0,
    "pct1ResTime" : 298.0,
    "pct2ResTime" : 300.0,
    "pct3ResTime" : 311.0,
    "throughput" : 30.187160394445563,
    "receivedKBytesPerSec" : 22.269437701247735,
    "sentKBytesPerSec" : 7.458351152143289
  },
  "createbooking" : {
    "transaction" : "createbooking",
    "sampleCount" : 3000,
    "errorCount" : 0,
    "errorPct" : 0.0,
    "meanResTime" : 289.1129999999997,
    "medianResTime" : 287.0,
    "minResTime" : 276.0,
    "maxResTime" : 898.0,
    "pct1ResTime" : 295.0,
    "pct2ResTime" : 298.0,
    "pct3ResTime" : 310.96999999999935,
    "throughput" : 30.17683626048645,
    "receivedKBytesPerSec" : 27.98052839640292,
    "sentKBytesPerSec" : 13.703348497193554
  },
  "Total" : {
    "transaction" : "Total",
    "sampleCount" : 21000,
    "errorCount" : 0,
    "errorPct" : 0.0,
    "meanResTime" : 500.3073809523813,
    "medianResTime" : 292.0,
    "minResTime" : 275.0,
    "maxResTime" : 3134.0,
    "pct1ResTime" : 1133.0,
    "pct2ResTime" : 1155.0,
    "pct3ResTime" : 1187.0,
    "throughput" : 204.53682149779394,
    "receivedKBytesPerSec" : 1603.6347859607386,
    "sentKBytesPerSec" : 58.61030013343592
  },
  "updatebooking" : {
    "transaction" : "updatebooking",
    "sampleCount" : 3000,
    "errorCount" : 0,
    "errorPct" : 0.0,
    "meanResTime" : 292.22299999999996,
    "medianResTime" : 290.0,
    "minResTime" : 277.0,
    "maxResTime" : 891.0,
    "pct1ResTime" : 298.0,
    "pct2ResTime" : 301.0,
    "pct3ResTime" : 311.9899999999998,
    "throughput" : 30.179872037342562,
    "receivedKBytesPerSec" : 27.186720353305702,
    "sentKBytesPerSec" : 14.795210705806609
  },
  "getbookingid" : {
    "transaction" : "getbookingid",
    "sampleCount" : 3000,
    "errorCount" : 0,
    "errorPct" : 0.0,
    "meanResTime" : 885.5966666666665,
    "medianResTime" : 860.0,
    "minResTime" : 556.0,
    "maxResTime" : 2875.0,
    "pct1ResTime" : 901.0,
    "pct2ResTime" : 1145.0,
    "pct3ResTime" : 1427.909999999998,
    "throughput" : 30.083029160482933,
    "receivedKBytesPerSec" : 1501.6251298897457,
    "sentKBytesPerSec" : 4.024780268541173
  },
  "CreateToken" : {
    "transaction" : "CreateToken",
    "sampleCount" : 3000,
    "errorCount" : 0,
    "errorPct" : 0.0,
    "meanResTime" : 1164.4066666666663,
    "medianResTime" : 1144.0,
    "minResTime" : 1100.0,
    "maxResTime" : 3134.0,
    "pct1ResTime" : 1174.9,
    "pct2ResTime" : 1190.0,
    "pct3ResTime" : 1939.9599999999991,
    "throughput" : 29.99400119976005,
    "receivedKBytesPerSec" : 22.795597130573885,
    "sentKBytesPerSec" : 7.322754199160168
  },
  "partialupdate" : {
    "transaction" : "partialupdate",
    "sampleCount" : 3000,
    "errorCount" : 0,
    "errorPct" : 0.0,
    "meanResTime" : 291.5679999999998,
    "medianResTime" : 290.0,
    "minResTime" : 278.0,
    "maxResTime" : 882.0,
    "pct1ResTime" : 298.0,
    "pct2ResTime" : 301.0,
    "pct3ResTime" : 310.9899999999998,
    "throughput" : 30.18290842505584,
    "receivedKBytesPerSec" : 27.2487602999175,
    "sentKBytesPerSec" : 9.225830407268043
  }
}